SamAccountName,GivenName,Surname,Role,Password
jjones1,Jack,Jones,USER,P@ssw0rd1
jdavis2,Jane,Davis,USER,P@ssw0rd2
iyoung3,Isabelle,Young,USER,P@ssw0rd3
gthomas4,Grace,Thomas,USER,P@ssw0rd4
imartinez5,Ian,Martinez,USER,P@ssw0rd5
uwalker6,Ugo,Walker,USER,P@ssw0rd6
fperez7,Fiona,Perez,USER,P@ssw0rd7
gking8,George,King,USER,P@ssw0rd8
ywright9,Yasmine,Wright,USER,P@ssw0rd9
ddavis10,David,Davis,USER,P@ssw0rd10
eturner11,Eva,Turner,USER,P@ssw0rd11
mturner12,Mia,Turner,USER,P@ssw0rd12
hgonzalez13,Harry,Gonzalez,USER,P@ssw0rd13
mtaylor14,Mike,Taylor,USER,P@ssw0rd14
ptaylor15,Paula,Taylor,USER,P@ssw0rd15
oyoung16,Olivia,Young,USER,P@ssw0rd16
bgreen17,Brenda,Green,USER,P@ssw0rd17
yharris18,Yasmine,Harris,USER,P@ssw0rd18
qnelson19,Quinn,Nelson,USER,P@ssw0rd19
dgreen20,Diana,Green,USER,P@ssw0rd20
awilliams21,Alice,Williams,USER,P@ssw0rd21
kwilson22,Kylie,Wilson,USER,P@ssw0rd22
zwilson23,Zach,Wilson,USER,P@ssw0rd23
fyoung24,Frank,Young,USER,P@ssw0rd24
hjohnson25,Harry,Johnson,USER,P@ssw0rd25
uwhite26,Uma,White,USER,P@ssw0rd26
jscott27,John,Scott,USER,P@ssw0rd27
nmiller28,Nathan,Miller,USER,P@ssw0rd28
sbrown29,Sophie,Brown,USER,P@ssw0rd29
rlopez30,Robert,Lopez,USER,P@ssw0rd30
zcampbell31,Zach,Campbell,USER,P@ssw0rd31
canderson32,Chris,Anderson,USER,P@ssw0rd32
vjohnson33,Victoria,Johnson,USER,P@ssw0rd33
ijones34,Ian,Jones,USER,P@ssw0rd34
kallen35,Kylie,Allen,USER,P@ssw0rd35
ngarcia36,Nathan,Garcia,USER,P@ssw0rd36
ewilliams37,Eva,Williams,USER,P@ssw0rd37
tmartinez38,Tom,Martinez,USER,P@ssw0rd38
ojones39,Oliver,Jones,USER,P@ssw0rd39
aclark40,Alice,Clark,USER,P@ssw0rd40
hgreen41,Hannah,Green,USER,P@ssw0rd41
ejones42,Ethan,Jones,USER,P@ssw0rd42
mthompson43,Mike,Thompson,USER,P@ssw0rd43
ajones44,Alice,Jones,USER,P@ssw0rd44
dlopez45,Diana,Lopez,USER,P@ssw0rd45
qcarter46,Quentin,Carter,USER,P@ssw0rd46
tadams47,Tom,Adams,USER,P@ssw0rd47
xmartinez48,Xavier,Martinez,USER,P@ssw0rd48
cadams49,Chris,Adams,USER,P@ssw0rd49
mallen50,Mia,Allen,USER,P@ssw0rd50
dwalker51,David,Walker,USER,P@ssw0rd51
gthomas52,George,Thomas,USER,P@ssw0rd52
mturner53,Mia,Turner,USER,P@ssw0rd53
kthompson54,Kylie,Thompson,USER,P@ssw0rd54
wedwards55,Will,Edwards,USER,P@ssw0rd55
zparker56,Zoe,Parker,USER,P@ssw0rd56
qhernandez57,Quinn,Hernandez,USER,P@ssw0rd57
nwilliams58,Nina,Williams,USER,P@ssw0rd58
vbrown59,Victoria,Brown,USER,P@ssw0rd59
wharris60,Will,Harris,USER,P@ssw0rd60
znelson61,Zoe,Nelson,USER,P@ssw0rd61
nadams62,Nathan,Adams,USER,P@ssw0rd62
jallen63,John,Allen,USER,P@ssw0rd63
bedwards64,Brenda,Edwards,USER,P@ssw0rd64
kwright65,Kylie,Wright,USER,P@ssw0rd65
ljones66,Laura,Jones,USER,P@ssw0rd66
pmoore67,Paula,Moore,USER,P@ssw0rd67
kjohnson68,Kylie,Johnson,USER,P@ssw0rd68
ecarter69,Ethan,Carter,USER,P@ssw0rd69
gking70,George,King,USER,P@ssw0rd70
elopez71,Eva,Lopez,USER,P@ssw0rd71
gthompson72,Grace,Thompson,USER,P@ssw0rd72
yjackson73,Yann,Jackson,USER,P@ssw0rd73
kmiller74,Kevin,Miller,USER,P@ssw0rd74
broberts75,Brenda,Roberts,USER,P@ssw0rd75
nhernandez76,Nathan,Hernandez,USER,P@ssw0rd76
jnelson77,Julia,Nelson,USER,P@ssw0rd77
fjackson78,Fiona,Jackson,USER,P@ssw0rd78
kharris79,Kylie,Harris,USER,P@ssw0rd79
hlopez80,Hannah,Lopez,USER,P@ssw0rd80
thernandez81,Tom,Hernandez,USER,P@ssw0rd81
pgreen82,Paula,Green,USER,P@ssw0rd82
mphillips83,Mia,Phillips,USER,P@ssw0rd83
groberts84,George,Roberts,USER,P@ssw0rd84
kthompson85,Kylie,Thompson,USER,P@ssw0rd85
owright86,Olivia,Wright,USER,P@ssw0rd86
ymartinez87,Yasmine,Martinez,USER,P@ssw0rd87
cwilliams88,Chris,Williams,USER,P@ssw0rd88
rjones89,Rachel,Jones,USER,P@ssw0rd89
jallen90,Julia,Allen,USER,P@ssw0rd90
ldavis91,Liam,Davis,USER,P@ssw0rd91
nmitchell92,Nathan,Mitchell,USER,P@ssw0rd92
pclark93,Paula,Clark,USER,P@ssw0rd93
rlewis94,Robert,Lewis,USER,P@ssw0rd94
ethomas95,Ethan,Thomas,USER,P@ssw0rd95
dhernandez96,Diana,Hernandez,USER,P@ssw0rd96
bwalker97,Brian,Walker,USER,P@ssw0rd97
ytaylor98,Yann,Taylor,USER,P@ssw0rd98
wroberts99,Will,Roberts,USER,P@ssw0rd99
wallen100,Will,Allen,USER,P@ssw0rd100
ythompson101,Yasmine,Thompson,USER,P@ssw0rd101
jbaker102,John,Baker,USER,P@ssw0rd102
psmith103,Paula,Smith,USER,P@ssw0rd103
tjones104,Tina,Jones,USER,P@ssw0rd104
kmartin105,Kylie,Martin,USER,P@ssw0rd105
jbaker106,Jack,Baker,USER,P@ssw0rd106
xclark107,Xavier,Clark,USER,P@ssw0rd107
wsmith108,Will,Smith,USER,P@ssw0rd108
sgarcia109,Sam,Garcia,USER,P@ssw0rd109
vevans110,Victor,Evans,USER,P@ssw0rd110
oharris111,Oliver,Harris,USER,P@ssw0rd111
snelson112,Sam,Nelson,USER,P@ssw0rd112
njohnson113,Nathan,Johnson,USER,P@ssw0rd113
wmiller114,Wendy,Miller,USER,P@ssw0rd114
icarter115,Isabelle,Carter,USER,P@ssw0rd115
kphillips116,Kevin,Phillips,USER,P@ssw0rd116
landerson117,Laura,Anderson,USER,P@ssw0rd117
bbaker118,Brian,Baker,USER,P@ssw0rd118
cthomas119,Carla,Thomas,USER,P@ssw0rd119
bhernandez120,Brian,Hernandez,USER,P@ssw0rd120
qbaker121,Quentin,Baker,USER,P@ssw0rd121
jwilson122,Jack,Wilson,USER,P@ssw0rd122
imiller123,Isabelle,Miller,USER,P@ssw0rd123
qadams124,Quentin,Adams,USER,P@ssw0rd124
fparker125,Frank,Parker,USER,P@ssw0rd125
ymitchell126,Yann,Mitchell,USER,P@ssw0rd126
llopez127,Laura,Lopez,USER,P@ssw0rd127
hjackson128,Harry,Jackson,USER,P@ssw0rd128
mhernandez129,Mike,Hernandez,USER,P@ssw0rd129
plopez130,Paula,Lopez,USER,P@ssw0rd130
sevans131,Sophie,Evans,USER,P@ssw0rd131
kmartinez132,Kevin,Martinez,USER,P@ssw0rd132
qjones133,Quinn,Jones,USER,P@ssw0rd133
wedwards134,Wendy,Edwards,USER,P@ssw0rd134
hwright135,Hannah,Wright,USER,P@ssw0rd135
obrown136,Oliver,Brown,USER,P@ssw0rd136
uwalker137,Uma,Walker,USER,P@ssw0rd137
wcampbell138,Wendy,Campbell,USER,P@ssw0rd138
rbrown139,Rachel,Brown,USER,P@ssw0rd139
wedwards140,Wendy,Edwards,USER,P@ssw0rd140
nperez141,Nina,Perez,USER,P@ssw0rd141
hroberts142,Hannah,Roberts,USER,P@ssw0rd142
ianderson143,Isabelle,Anderson,USER,P@ssw0rd143
jharris144,Jane,Harris,USER,P@ssw0rd144
ndavis145,Nathan,Davis,USER,P@ssw0rd145
ecampbell146,Ethan,Campbell,USER,P@ssw0rd146
jgarcia147,Julia,Garcia,USER,P@ssw0rd147
cmartinez148,Carla,Martinez,USER,P@ssw0rd148
rsmith149,Rachel,Smith,USER,P@ssw0rd149
zbaker150,Zoe,Baker,USER,P@ssw0rd150
eperez151,Ethan,Perez,USER,P@ssw0rd151
hyoung152,Harry,Young,USER,P@ssw0rd152
ythompson153,Yann,Thompson,USER,P@ssw0rd153
bjones154,Brenda,Jones,USER,P@ssw0rd154
wcampbell155,Will,Campbell,USER,P@ssw0rd155
sevans156,Sophie,Evans,USER,P@ssw0rd156
kphillips157,Kevin,Phillips,USER,P@ssw0rd157
rlee158,Robert,Lee,USER,P@ssw0rd158
jthompson159,Jack,Thompson,USER,P@ssw0rd159
fjackson160,Fiona,Jackson,USER,P@ssw0rd160
qlee161,Quinn,Lee,USER,P@ssw0rd161
gjackson162,George,Jackson,USER,P@ssw0rd162
wadams163,Wendy,Adams,USER,P@ssw0rd163
xgonzalez164,Xena,Gonzalez,USER,P@ssw0rd164
omartin165,Olivia,Martin,USER,P@ssw0rd165
grobinson166,Grace,Robinson,USER,P@ssw0rd166
pwilliams167,Paula,Williams,USER,P@ssw0rd167
qmitchell168,Quentin,Mitchell,USER,P@ssw0rd168
nroberts169,Nina,Roberts,USER,P@ssw0rd169
imiller170,Ian,Miller,USER,P@ssw0rd170
uclark171,Ugo,Clark,USER,P@ssw0rd171
wscott172,Wendy,Scott,USER,P@ssw0rd172
jedwards173,Jack,Edwards,USER,P@ssw0rd173
omartin174,Olivia,Martin,USER,P@ssw0rd174
zphillips175,Zach,Phillips,USER,P@ssw0rd175
vphillips176,Victor,Phillips,USER,P@ssw0rd176
yevans177,Yasmine,Evans,USER,P@ssw0rd177
mevans178,Mike,Evans,USER,P@ssw0rd178
jevans179,Jane,Evans,USER,P@ssw0rd179
mwilliams180,Mia,Williams,USER,P@ssw0rd180
hcampbell181,Hannah,Campbell,USER,P@ssw0rd181
yhernandez182,Yasmine,Hernandez,USER,P@ssw0rd182
cturner183,Carla,Turner,USER,P@ssw0rd183
gmitchell184,Grace,Mitchell,USER,P@ssw0rd184
cmoore185,Carla,Moore,USER,P@ssw0rd185
qbrown186,Quinn,Brown,USER,P@ssw0rd186
imitchell187,Ian,Mitchell,USER,P@ssw0rd187
uwright188,Uma,Wright,USER,P@ssw0rd188
rperez189,Rachel,Perez,USER,P@ssw0rd189
aphillips190,Alice,Phillips,USER,P@ssw0rd190
aroberts191,Alex,Roberts,USER,P@ssw0rd191
krobinson192,Kevin,Robinson,USER,P@ssw0rd192
aperez193,Alex,Perez,USER,P@ssw0rd193
wphillips194,Wendy,Phillips,USER,P@ssw0rd194
khall195,Kylie,Hall,USER,P@ssw0rd195
omoore196,Olivia,Moore,USER,P@ssw0rd196
cparker197,Carla,Parker,USER,P@ssw0rd197
ylewis198,Yann,Lewis,USER,P@ssw0rd198
klopez199,Kylie,Lopez,USER,P@ssw0rd199
ehernandez200,Eva,Hernandez,USER,P@ssw0rd200
admin1,John,Admin,ADMIN,Admin@123
admin2,Nina,Admin,ADMIN,Admin@123
admin3,Ugo,Admin,ADMIN,Admin@123
admin4,Chris,Admin,ADMIN,Admin@123
admin5,Mike,Admin,ADMIN,Admin@123
admin6,Olivia,Admin,ADMIN,Admin@123
admin7,Victor,Admin,ADMIN,Admin@123
admin8,Alice,Admin,ADMIN,Admin@123
admin9,Ugo,Admin,ADMIN,Admin@123
admin10,Sam,Admin,ADMIN,Admin@123
